,DE,FE,Fault
count,235369.0,235369.0,235369.0
mean,0.007915817875127993,0.03355225424382565,-0.025904006050074563
std,0.2194395495240996,0.17303764160753274,0.9996665585511735
min,-1.425530699,-0.895781818,-1.0
25%,-0.068060319,-0.043761818,-1.0
50%,0.010848,0.03164,-1.0
75%,0.082194462,0.109918182,1.0
max,1.6396202,0.957212727,1.0
