,DE,FE,Fault
DE,1.0,0.08887667641548598,0.01577841004786693
FE,0.08887667641548598,1.0,-0.002573870469938498
Fault,0.01577841004786693,-0.002573870469938498,1.0
