,cycle,ambient_temperature,capacity,voltage_measured,current_measured,temperature_measured,current_load,voltage_load,time
count,50285.0,50285.0,50285.0,50285.0,50285.0,50285.0,50285.0,50285.0,50285.0
mean,88.1259421298598,24.0,1.5603447176546037,3.5152675219706735,-1.8060318038066394,32.81699079625486,1.3627004514268672,2.3084060057671274,1546.2089236949391
std,45.69968716934435,0.0,0.18237952787038694,0.23177771438959838,0.6105015583365906,3.987515373827195,1.3136984473178155,0.800300194614002,906.6402949559695
min,1.0,24.0,1.2874525221379407,2.4556793246645583,-2.029098489464331,23.214801785728056,-1.9984,0.0,0.0
25%,50.0,24.0,1.3862287677978349,3.399383729192775,-2.0134151549653243,30.019392225193876,1.998,2.388,768.563
50%,88.0,24.0,1.538236598942558,3.511663744211825,-2.012311898367236,32.828943578247284,1.9982,2.533,1537.031
75%,127.0,24.0,1.7468706179837907,3.6609027161061882,-2.0110523877532787,35.92088741086134,1.9982,2.69,2305.984
max,168.0,24.0,1.8564874208181574,4.222920057935785,0.0074961910680886356,41.45023191903855,1.9984,4.238,3690.234
